eval,random_mean,pso_mean,bo_mean,random_sd,pso_sd,bo_sd
1,9.50781,8.58880,9.29307,2.13294,1.55068,2.31967
2,8.53424,7.28069,7.13974,2.06061,1.87202,1.72829
3,7.83676,5.89475,6.91372,2.36296,1.01423,1.83330
4,6.81651,5.87483,6.37054,2.23542,0.99183,1.26565
5,6.81651,5.87483,5.91147,2.23542,0.99183,1.17391
6,6.48847,5.57882,5.69219,1.93584,0.65622,1.00840
7,6.48847,5.47224,5.69219,1.93584,0.65598,1.00840
8,5.94768,5.40364,5.53006,1.45925,0.64262,0.67072
9,5.64809,5.38031,5.52846,1.03801,0.63072,0.66776
10,5.64809,5.38031,5.52846,1.03801,0.63072,0.66776
11,5.54093,5.33765,5.52846,1.03752,0.68654,0.66776
12,5.26463,5.33765,5.52846,0.82055,0.68654,0.66776
13,5.21053,5.33691,5.44116,0.70403,0.68685,0.62460
14,5.21053,5.33691,5.14344,0.70403,0.68685,0.65932
15,5.21053,5.22113,4.98356,0.70403,0.53327,0.45389
16,5.21053,5.11646,4.93974,0.70403,0.33292,0.45953
17,5.21053,5.11646,4.93008,0.70403,0.33292,0.44702
18,5.21053,5.07192,4.85577,0.70403,0.38745,0.44109
19,5.19181,5.03440,4.79319,0.69237,0.39090,0.48044
20,5.19181,5.03440,4.75568,0.69237,0.39090,0.45537
21,5.19181,5.02668,4.66639,0.69237,0.39604,0.42215
22,5.19181,5.02668,4.66639,0.69237,0.39604,0.42215
23,5.19181,4.98978,4.64111,0.69237,0.40510,0.44554
24,5.16659,4.98978,4.53332,0.64459,0.40510,0.43556
25,5.16659,4.98978,4.53332,0.64459,0.40510,0.43556
26,5.16659,4.98978,4.53155,0.64459,0.40510,0.43299
27,5.16659,4.96756,4.50691,0.64459,0.41090,0.46768
28,5.16659,4.94275,4.44924,0.64459,0.40964,0.41102
29,5.16659,4.93498,4.36732,0.64459,0.39702,0.34654
30,5.09518,4.93498,4.36732,0.64324,0.39702,0.34654
31,5.09518,4.93498,4.36732,0.64324,0.39702,0.34654
32,5.03547,4.90426,4.36272,0.55117,0.36864,0.35474
33,5.03547,4.90426,4.36272,0.55117,0.36864,0.35474
34,4.84558,4.90426,4.36272,0.78775,0.36864,0.35474
35,4.79881,4.90426,4.36053,0.78263,0.36864,0.35262
36,4.79881,4.90072,4.36053,0.78263,0.36691,0.35262
37,4.79881,4.87464,4.36053,0.78263,0.35074,0.35262
38,4.75079,4.83468,4.36053,0.72125,0.38666,0.35262
39,4.75079,4.83310,4.36053,0.72125,0.38714,0.35262
40,4.74166,4.83310,4.36053,0.71742,0.38714,0.35262
41,4.72527,4.83175,4.34465,0.70243,0.38634,0.35728
42,4.72527,4.83175,4.34465,0.70243,0.38634,0.35728
43,4.72527,4.83175,4.32002,0.70243,0.38634,0.37880
44,4.69203,4.83175,4.27997,0.68918,0.38634,0.30139
45,4.63158,4.83175,4.27997,0.64415,0.38634,0.30139
46,4.63158,4.83175,4.27997,0.64415,0.38634,0.30139
47,4.63158,4.77809,4.27997,0.64415,0.41941,0.30139
48,4.63158,4.77809,4.27997,0.64415,0.41941,0.30139
49,4.63158,4.77809,4.27997,0.64415,0.41941,0.30139
50,4.63158,4.77809,4.24334,0.64415,0.41941,0.26659
51,4.63158,4.77271,4.24334,0.64415,0.41260,0.26659
52,4.63158,4.77271,4.24334,0.64415,0.41260,0.26659
53,4.63158,4.77271,4.23840,0.64415,0.41260,0.25841
54,4.63158,4.77271,4.18701,0.64415,0.41260,0.22578
55,4.63158,4.77271,4.18701,0.64415,0.41260,0.22578
56,4.63158,4.77271,4.18701,0.64415,0.41260,0.22578
57,4.63158,4.77271,4.17501,0.64415,0.41260,0.20766
58,4.63158,4.77271,4.17501,0.64415,0.41260,0.20766
59,4.63158,4.77271,4.17501,0.64415,0.41260,0.20766
60,4.63158,4.77271,4.17110,0.64415,0.41260,0.20515
