Scenario,Method,LaneRMSE(px),SSI,Recovery(s),Departures,DetRate
clean,PID,39.21±10.58,8.06±4.04,0.13±0.07,60.30±33.76,0.80±0.40
clean,TunedPID,35.56±9.91,0.96±0.33,0.12±0.04,49.40±28.02,0.90±0.30
clean,ManualSMC,44.69±8.16,0.53±0.19,0.16±0.06,87.10±42.58,0.90±0.30
clean,BO_SMC,36.37±8.37,0.99±0.34,0.14±0.05,65.80±28.00,0.90±0.30
noise,PID,16.12±2.56,5.08±0.43,0.34±0.08,0.10±0.30,1.00±0.00
noise,TunedPID,16.42±2.65,1.82±0.05,0.36±0.08,0.00±0.00,1.00±0.00
noise,ManualSMC,14.83±2.16,1.04±0.04,0.25±0.04,0.00±0.00,1.00±0.00
noise,BO_SMC,16.16±0.42,1.92±0.05,0.33±0.04,0.00±0.00,1.00±0.00
shadow,PID,163.76±3.92,24.63±0.24,0.07±0.02,1004.50±100.15,0.92±0.02
shadow,TunedPID,147.31±2.74,12.51±0.52,0.09±0.02,1378.60±188.23,0.96±0.00
shadow,ManualSMC,142.42±1.91,11.01±0.17,0.08±0.00,1441.60±134.62,0.95±0.00
shadow,BO_SMC,147.03±3.66,12.84±0.37,0.09±0.01,1457.40±96.35,0.95±0.01
occlusion,PID,73.87±8.35,21.50±0.41,0.14±0.03,573.40±38.42,1.00±0.00
occlusion,TunedPID,36.39±1.71,3.80±0.12,0.06±0.01,312.80±39.71,1.00±0.00
occlusion,ManualSMC,47.15±3.58,2.08±0.04,0.08±0.01,404.90±53.92,1.00±0.00
occlusion,BO_SMC,36.72±6.64,3.72±0.16,0.06±0.01,293.70±77.85,1.00±0.00
blur,PID,32.29±2.07,8.85±0.18,0.16±0.01,41.00±10.16,1.00±0.00
blur,TunedPID,33.98±5.80,0.91±0.07,0.15±0.02,41.20±6.63,1.00±0.00
blur,ManualSMC,49.50±33.34,0.48±0.05,0.19±0.01,43.80±9.73,0.97±0.08
blur,BO_SMC,43.75±31.42,0.78±0.32,0.14±0.05,35.20±12.25,0.82±0.36
