scenario,argmin_eta,argmin_phi,top10_eta,top10_phi,top10_ratio
baseline,0.50,80.0,0.50,80.0,0.0063
lane_rmse_px x0.5,0.50,80.0,0.50,80.0,0.0063
lane_rmse_px x2.0,0.50,80.0,0.50,80.0,0.0063
speed_rmse x0.5,0.50,80.0,0.50,80.0,0.0063
speed_rmse x2.0,0.50,80.0,0.50,80.0,0.0063
ssi x0.5,0.50,80.0,0.50,80.0,0.0063
ssi x2.0,0.50,80.0,0.50,80.0,0.0063
steer_jerk x0.5,0.50,80.0,0.50,80.0,0.0063
steer_jerk x2.0,0.50,80.0,0.50,80.0,0.0063
sat_ratio x0.5,0.50,80.0,0.50,80.0,0.0063
sat_ratio x2.0,0.50,80.0,0.50,80.0,0.0063
lyap_penalty x0.5,0.50,80.0,0.50,80.0,0.0063
lyap_penalty x2.0,0.50,80.0,0.50,80.0,0.0063
equal weights,0.50,80.0,0.50,80.0,0.0063
w6 = 0,0.50,80.0,0.50,80.0,0.0063
no clipping,0.50,80.0,0.50,80.0,0.0063
"clip (0.2, 5)",0.50,80.0,0.50,80.0,0.0063
