metric,condition,PID,TunedPID,ManualSMC,BO_SMC
SSI (deg/step),Nominal,10.07 ± 0.29 (n=8),1.06 ± 0.10 (n=8),0.60 ± 0.06 (n=8),1.10 ± 0.08 (n=8)
SSI (deg/step),Noise,5.08 ± 0.45 (n=10),1.82 ± 0.05 (n=10),1.04 ± 0.05 (n=10),1.92 ± 0.05 (n=10)
SSI (deg/step),Shadow,24.63 ± 0.25 (n=10),12.51 ± 0.55 (n=10),11.01 ± 0.18 (n=10),12.84 ± 0.39 (n=10)
SSI (deg/step),Occlusion,21.50 ± 0.43 (n=10),3.80 ± 0.13 (n=10),2.08 ± 0.05 (n=10),3.72 ± 0.17 (n=10)
SSI (deg/step),Blur,8.81 ± 0.16 (n=9),0.90 ± 0.07 (n=9),0.47 ± 0.04 (n=9),0.87 ± 0.21 (n=9)
Lane RMSE (px),Nominal,34.02 ± 2.39 (n=8),32.72 ± 6.72 (n=8),43.63 ± 7.32 (n=8),34.41 ± 2.62 (n=8)
Lane RMSE (px),Noise,16.12 ± 2.70 (n=10),16.42 ± 2.79 (n=10),14.83 ± 2.27 (n=10),16.16 ± 0.45 (n=10)
Lane RMSE (px),Shadow,163.76 ± 4.13 (n=10),147.31 ± 2.88 (n=10),142.42 ± 2.01 (n=10),147.03 ± 3.86 (n=10)
Lane RMSE (px),Occlusion,73.87 ± 8.80 (n=10),36.39 ± 1.80 (n=10),47.15 ± 3.77 (n=10),36.72 ± 7.00 (n=10)
Lane RMSE (px),Blur,32.22 ± 2.30 (n=9),34.65 ± 6.08 (n=9),39.50 ± 16.28 (n=9),41.94 ± 34.61 (n=9)
Steering variation per second (deg/s),Nominal,1468.52 ± 175.34 (n=8),146.30 ± 20.94 (n=8),87.37 ± 16.58 (n=8),158.14 ± 18.88 (n=8)
Steering variation per second (deg/s),Noise,96.04 ± 18.33 (n=10),34.70 ± 4.14 (n=10),19.62 ± 2.38 (n=10),37.26 ± 2.27 (n=10)
Steering variation per second (deg/s),Shadow,4642.79 ± 530.72 (n=10),2257.79 ± 323.69 (n=10),2012.24 ± 145.66 (n=10),2367.96 ± 203.88 (n=10)
Steering variation per second (deg/s),Occlusion,3426.08 ± 231.90 (n=10),555.23 ± 58.01 (n=10),317.11 ± 28.13 (n=10),573.29 ± 80.78 (n=10)
Steering variation per second (deg/s),Blur,927.23 ± 115.74 (n=9),103.12 ± 8.46 (n=9),50.43 ± 4.62 (n=9),97.20 ± 12.01 (n=9)
